Aaron;Zz9Rdrp3dA
Abbott;NfWUexYauH
Abel;YgHApTKkyg
Abell;NkQaCSPhKj
Abernathy;7Ks9r8v89G
Abney;n69wRDM5vg
Abraham;ECP8nDDrCQ
Abrams;GfeYXCWj6y
Abreu;yuc3kZQGa5
Acevedo;v8WpV7sGnn
Acker;m7V8WcyvEj
Ackerman;8zNJh5W3mP
Acosta;EbKK4j6B5t
Acuna;x4nx3CeBYR
Adair;s6uBfJbHFy
Adam;Fyct99Ervh
Adame;8gDwWKUgFQ
Adams;njgXc5D69C
Adamson;EqCHRWWCKV
Adcock;xZKducsr3C
Addison;6nv55hu5Z3
Adkins;ZQ5zWBUWa3
Adler;739PvvNyxn
Agee;RHg59dp8Hw
Agnew;U8qQpVZDZx
Aguiar;nPvFHzDRyX
Aguilar;7zD4PcG67W
Aguilera;C5hMRz9xHw
Aguirre;uF5qdqR4jD
Ahern;U6esjFQVwG
Ahmed;vC7VWKg3zJ
Ahrens;uR2cTSaz4H
Aiello;nMYBHUqH3q
Aiken;YbAcB35DCZ
Ainsworth;cK86NFwqRB
Akers;qczWFVybpB
Akin;QKh9WDrMs9
Akins;QUGmWK5eDW
Alaniz;YvydvypXMG
Alarcon;wEQvGd49Cv
Alba;fSjLBg2vcY
Albers;snkJ8gJFCh
Albert;E2pqCpNyCP
Albertson;K4edLeGLxL
Albrecht;anxCYBskxR
Albright;EmbBa6UWQt
Alcala;Fx5QjDHfpJ
Alcorn;MeVQ3yY5Jh
Alderman;3cancENAhx
Aldrich;6g5fncBqjJ
Aldridge;Y75Ch5FcBZ
Aleman;jjpQrHNeYN
Alexander;pPMeCtq7HE
Alfaro;QxuB9PQTqZ
Alford;jLRK3QSmKQ
Alger;eNNCcPzLS4
Ali;2xQXreBfkk
Alicea;EUAH5e6tSs
Allan;v2ncu6zXDC
Allard;FahzbGsaz8
Allen;Ls5mfsfb6X
Alley;2Fn4gTgJA8
Allison;QmmL2aX7Bg
Allman;t659BUMHbr
Allred;CVfssH2Xm9
Almanza;QZK2g8RGPV
Almeida;JvjJMWe7jM
Almond;hhCm9KGp6e
Alonso;mF68LHpKTZ
Alonzo;7jEHQ7KfZT
Alston;QSbt7NyhvD
Altman;DRRvhRXfqr
Alvarado;48DGr3vbef
Alvarez;tQK584Yw5L
Alves;GLaKBFxvfV
Amador;cNC2gR9XCm
Amaral;hPrsVBE4vy
Amato;qyNAD3SqV8
Amaya;8DmzrGvDnE
Ambrose;fYbCd4Hfav
Ames;Ar3sS3vMy7
Ammons;TXEfzSdMG6
Amos;TYr3K76wmW
Anaya;nBr2WSTERb
Anders;saKnd6H3EZ
Andersen;wyEpKfKRhW
Anderson;zn7Z8K8RfS
Andrade;9wkx5gfyqv
Andre;yLWjuX7ceC
Andres;9z3WUAXhSg
Andrew;6EMhjXyXsM
Andrews;RRXbL8zrfy
Andrus;44APydE859
Angel;23cgRDkzEW
Anglin;txSkcWCVT8
Angulo;aXyrjScatG
Anthony;Y9CQp53KDP
Antoine;dVszzAz3Jh
Antonio;GrXyRkwmtf
Apodaca;vpzrXxKm2R
Aponte;UGTbkMkNDL
Applegate;xgKeAwhsYA
Aquino;RvWFX3nh4E
Aragon;FQLnwrcZ4X
Aranda;p8Vq4B5RgN
Arce;wevbDAFcyh
Archer;vfzznHq57Y
Archibald;KsmCdvFzwv
Archie;M2GDc4Ryft
Archuleta;eJwFzsrVD3
Arellano;efy7AjRf4Y
Arevalo;vN9uk5uL44
Arias;8z3dSYkFcc
Armenta;ctgRHVK9uE
Armijo;TVcs9Tfsp3
Armstead;env68Yh8Hc
Armstrong;uhXY5pSzRF
Arndt;nqTHrdRuFM
Arnett;BCk856WJj5
Arnold;ktCEeR5Na9
Arredondo;cQsB5kFTtj
Arreola;C3k69dKEQ7
Arriaga;yWZEuejfUn
Arrington;JhGvvR7XLb
Arroyo;E3e8BpEazp
Arsenault;KHUqmnSgRz
Arteaga;pXKaAUhYNH
Arthur;45UTvFneSe
Artis;6tnzqVbqxX
Asbury;pRvxx23k2m
Ash;UVs7cGQv5r
Ashby;4q4WBnGEVG
Ashcraft;BFUjj2yckY
Ashe;grH9fhF33P
Asher;v3LQZNUD2M
Ashford;MjLHQGrjc4
Ashley;GTvkKTYKgC
Ashmore;CU5H5ppPcQ
Ashton;CD6bJ9TtdZ
Ashworth;fFRNwGprNw
Askew;bpMrq2pCsp
Atchison;JMgA3FBQ28
Atherton;P572k8mGmB
Atkins;BHsTBX7xNB
Atkinson;dbzFky6799
Atwell;xFBLVf8Sya
Atwood;q6WX4JyaCu
August;daBaaFPfn9
Augustine;XPvGFSuUuc
Ault;3bR75qCkbb
Austin;nPXU9gfRTN
Autry;ZGMv9F466n
Avalos;BkNakzjjM5
Avery;baX7jHA5wM
Avila;dKgCUtSQv3
Aviles;5Z65MkWrxS
Ayala;EsLwwkNs9R
Ayers;3nU92eg5M4
Ayres;98qfeGDtnE
Babb;ErdxnfDwBR
Babcock;qPfQALBy4L
Babin;rFUkS5WGYV
Baca;9prJaXHyxJ
Bach;G5ff2cz7bH
Bachman;8v5b4B4eKD
Back;6CRqnFWWQ2
Bacon;SGC9vcMk3D
Bader;XEqaN5mTKU
Badger;sP7QnEUPWd
Baer;tc47Z54t3k
Baez;tCeaDcMPA9
Baggett;5SqymnpH5W
Bagley;MCfuHSyLz4
Bagwell;HfZfUQLh6k
Bailey;peuS6QaKg9
Bain;agwEz6ks8P
Baines;uMdZtXQcxN
Bair;twshwyxQ6H
Baird;PNLQ2bYxPA
Baker;pP38NK7QVj
Balderas;dtbGLZvFna
Baldwin;T8fWActNAx
Bales;FEcZba8mtx
Ball;9QzRJMrVkA
Ballard;SeGkEUNTeS
Banda;Qscpkvxu9b
Bandy;YEzuCN5g9K
Banks;TGZKnj4ame
Bankston;fC7btHSgU6
Bannister;p6QB2zwMRt
Banuelos;Vd2bN4NBjF
Baptiste;yC7CLzW8js
Barajas;GXCxvB3GnS
Barba;mUKXTpK5ge
Barbee;t95AbYPzqD
Barber;VJCk4dKjM2
Barbosa;AyErJkyx3H
Barbour;Q8E2d5YeNX
Barclay;B9WTdUtaw4
Barden;TnwRaaFYvL
Barela;LparsQH3Kp
Barfield;mZrtUkUBrg
Barger;CP5vhzmYMg
Barham;e2SXRRzSAB
Barker;xd6Snz4AXs
Barkley;cEJjt6jeJK
Barksdale;NA25PWMFSH
Barlow;p7p3fMC9qz
Barnard;8Yr4SVUU2W
Barnes;j3FRhvNSMg
Barnett;dVc4EkuX3M
Barnette;GaS4A48TsN
Barney;9SrvLNtYWe
Barnhart;kNxdXfZK3r
Barnhill;3AaChw5Vuc
Baron;CsAHNfVgkP
Barone;GLmHLBxh4d
Barr;wTTd4DX2mG
Barraza;nadwNMRnv2
Barrera;YS5pbhjRHx
Barrett;cXZp5p9DPq
Barrios;Y7kXNxd2VB
Barron;X6FHQtJdjZ
Barrow;hwzkLAE3mc
Barrows;JFTjVqJsmc
Barry;xmvXfkveLc
Bartels;n4TN3FZsbf
Barth;nYx8xjpH5f
Bartholomew;ctjaUU9Mhj
Bartlett;x94P9uEL9R
Bartley;34GLSRqfjV
Barton;3fqmdAu7Sj
Basham;WdDPb6kzgp
Bass;WDyKRGxNDb
Bassett;9FJHcNEvte
Batchelor;y8mCLfCThc
Bateman;fj2wY68FSz
Bates;ZCMMrqPewA
Batista;swMfVKbAUU
Batiste;SaK5Cu8vJg
Batson;VkKd6Vqexq
Battaglia;78s5CmDVRe
Batten;Zv9khEgKUB
Battle;Kz2KszMYTJ
Battles;Ja2FZsS84V
Batts;as4jQw599S
Bauer;yMtnqbyyJ7
Baugh;zK247unBKg
Baughman;UWbHLjXdZ7
Baum;6y44gWZCbA
Bauman;7zuechuvfJ
Baumann;RGqVen9dwe
Baumgartner;drykNkRsMW
Bautista;dHBS7Nahdh
Baxley;GJrv9rjWGQ
Baxter;8MfrrVTj8t
Bayer;5ehZNkaQtd
Baylor;K2pY9HcQZR
Bayne;Ku4yR7JcpC
Beach;J8edFcdnae
Beal;SYjyBk3brc
Beale;chAebFUGAU
Beall;rwy5zxxJPz
Beals;TeVwnBWhnz
Beam;sYarsUmfFM
Bean;Q42fWAf2a7
Beane;uttJ7D6j4z
Beard;pes8L98Pex
Bearden;4myf2DCwhA
Beasley;8bhew7V8qn
Beattie;HZFWyQtuh9
Beatty;wyAvJ4jku9
Beaty;qdTRuLDvBs
Beauchamp;MRfpdwpNRp
Beaudoin;u9YfsCebEd
Beaulieu;pLxHr2cbW2
Beauregard;jjnHcUuvb6
Beaver;GHwMmVasQD
Beavers;eA9Y58yzw7
Becerra;2K79cfPBqZ
Beck;GHcXxnWWGf
Becker;PsbMd6TMDv
Beckett;Ps55Cga26P
Beckham;JJ7Ezv2yam
Beckman;AZjuWpHknU
Beckwith;NCYx3bt9Ju
Becnel;8mf3cfRPya
Bedard;KqVxkMjMyL
Bedford;dRkyAUvDP5
Beebe;hgFg8pSYQw
Beeler;HTPqwLKpJM
Beers;kDmbGGqYv2
Begay;AsVPk2fXET
Begley;MDUGYhFkmk
Behrens;3vGtx9Z8dE
Belanger;Rpqevp3AeD
Belcher;q6pWGcxT4u
Bell;WzhJWHMPvt
Bellamy;hXdTVggff6
Bello;SFEEQ8EME6
Belt;aBcXq59Gn3
Belton;nkMUDP6pue
Beltran;B7NVm7vgur
Benavides;nXtFWcXQqF
Benavidez;W54N7aQedh
Bender;WcHcpTst5s
Benedict;HyBB8c6hnK
Benefield;ekqVxQDHBC
Benitez;Ppff6EYgWJ
Benjamin;zMNwXCf5YP
Benner;EQ5GqVHgpW
Ramsey;Y4sqxzQZdQ
Bennett;3sT7gHxwQN
Benoit;sE3P9M6C9U
Benson;ZwkmKLTNhE
Bentley;g8cLQ9KYGL
Benton;y2MZbsBBt6
Berg;mB79wJW2Zx
Berger;HXCrE7Kfuc
Bergeron;kkagrCqfVc
Bergman;jGRMCFzhYE
Bergstrom;vCY2VKhnr7
Berlin;WUPFJPuPKQ
Berman;pCjuU66C7K
Bermudez;vzLR6YPB54
Bernal;MQ5VhXSDxy
Bernard;BVdpscHXpp
Bernier;GyrnKV57UQ
Bernstein;z9GM62ysnB
Berrios;s5QuH5mtB8
Berry;2VF4sup2Ff
Berryman;hHuKaG4BQu
Bertram;NbrDkedCDq
Bertrand;39jkArmNYf
Berube;GW434AEsGU
Bess;QDtrdT2Sy5
Best;Rj2uzmxTma
Betancourt;mJ278MrKrK
Bethea;FuLS6FR2KQ
Bethel;8vfmxGVUXw
Betts;8UmKzhZ7sP
Betz;k8y8wng9h8
Beverly;eXBc8ZqZQ8
Beyer;Q23tppa7de
Bible;VXGV8wX9Dm
Bickford;JQPTk7fm4y
Biddle;nmdSQ9dcGX
Bigelow;cUVCaak4cd
Biggs;VxK3cBsQVE
Billings;pYtAbXBCXM
Billingsley;AbXZV4CwXY
Billiot;eMjSMXTq23
Bills;yat76wn76G
Billups;3dy8teex5j
Binder;zx4dggHEsj
Bingham;QpjkdmmbGF
Binkley;FaWVZxcfRf
Birch;rjkG5MQBaF
Bird;qdHQAV8Dbt
Bishop;MmvggNc2pa
Bisson;4RK3eyTzhf
Bittner;Nd9SjunK3N
Bivens;dLdwqVjWPN
Bivins;VzaARpcvjK
Black;44Q9wFL9Fy
Blackburn;V9QskJHmde
Blackman;rBFyvu434F
Blackmon;xKakTP3kgX
Blackwell;vY4NgU4MnC
Blackwood;V3st8ewDNc
Blaine;vFvSxp3tqL
Blair;ymgjxnstRK
Blais;8jYywjxJhE
Blake;kEXt2nG2YA
Blakely;6EfNBXe5Xq
Blalock;EMqN2P6xPT
Blanchard;jkXB5QHSC6
Blanchette;r6EPU9uHE9
Blanco;JDRysYkgVf
Bland;6pdw34ay3A
Blank;qbM6ea66ce
Blankenship;qTjcVvdMbf
Blanton;9TWKvmCXB5
Blaylock;yMvrC4pzU6
Bledsoe;dd2dHbCnjq
Blevins;fAW2RJWvP3
Bliss;3QTZztgQZf
Block;yjfYQEmXB3
Blocker;E9DCbhkVAL
Blodgett;uCRPjV2yGr
Bloom;7nCLkq6zQR
Blount;C2knJuvm8d
Blue;G7R5X4RDYJ
Blum;gS65BvMdds
Blunt;FytPpDJn9s
Blythe;NZPffncMHU
Boatwright;LX93spnpFN
Bobbitt;Sy8Nvuu585
Bobo;DKSUymCemr
Bock;5LB2QHKLPj
Boehm;JPJqKmA6Gp
Bogan;xPdra2PKUW
Boggs;NWYzBr2RHr
Bohannon;LvYJJd53hB
Bohn;XBdY6Q5jWf
Boisvert;qNjEgDjbqL
Boland;8kaztGMPRB
Bolden;458q5PUQZ7
Bolduc;m94BpYzYG7
Bolen;KyyUjtf54u
Boles;QU5yQExkkE
Bolin;CR8b8GnnGv
Boling;j5f8dYfZss
Bolling;7ggrB5BdTB
Bollinger;A67pbtjzhY
Bolt;5aRQYEjJCk
Bolton;yV9G9UCkjM
Bond;FAnBvYmqWq
Bonds;ad6TmQ8YP5
Bone;EP2nggc3BJ
Bonilla;ebEdsfPXdK
Bonner;8XgfKHr6Ee
Booker;uRLkat8Mc6
Boone;ph5HWRh8Q7
Booth;KS9FKPNEww
Boothe;AERSbEDZL4
Bordelon;4Z4YqN4ts6
Borden;a398yz9jCK
Borders;ncdYXQxBpS
Boren;r3Y7ArKEae
Borges;ZNZhGYQBaT
Borrego;bXRtWnHf9R
Boss;cUXGJtHNmw
Bostic;6W9kyNMVXg
Bostick;XBBvJrvWUM
Boston;pQfxcaUt5g
Boswell;Jhpp9X8SFx
Bottoms;k2tnJ9Ygpm
Bouchard;Dtz4gMgm2H
Boucher;MAH9U9DQXJ
Boudreau;pER6QTwGr9
Boudreaux;X3PTCsxxaW
Bounds;cwy9dPf3y8
Bourgeois;c8sUSN8HpW
Bourne;kfgmywxQX4
Bourque;xHyBLfrzp4
Bowden;ujmhLe5tPM
Bowen;yx8JmatUuF
Bowens;dabmdUbHqc
Bower;sJ6AbTpdNq
Bowers;Kffg3EqrqL
Bowie;qqsEDCxfgk
Bowles;F8dxHcRUma
Bowlin;4kaUaUjXqE
Bowling;D2x8cNrNhm
Bowman;jCLYKRdNNp
Bowser;jAVe7WhhkN
Box;rwsmLgwD4Q
Boyce;B6AD2zfnes
Boyd;a6Tbu45gFy
Boyer;FTJeF4rjPS
Boykin;pCkeSjUNLE
Boyle;B73DeWxwqH
Boyles;Kdm2NMAaGV
Jon;W56YpcGCw3
Boynton;vcEWU8DSTB
Bozeman;MSBhQHuacT
Brackett;4UTn7dQy7j
Bradbury;Sjh8XaJcry
Braden;zbm49ZjVuD
Bradford;V5DCuw7Ld8
Bradley;NE397vMzXF
Bradshaw;nAQMCW9RNC
Brady;hyrCcq6TwE
Bragg;mhvCGGvVqK
Branch;gnTYBGKSaa
Brand;MTQUVbty6Q
Brandenburg;Q7kKXchzbx
Brandon;76zR5jRx3Q
Brandt;ZgWBwYajTp
Branham;VT8tHCJDY5
Brannon;jZnR64FHTs
Branson;RPWhd8RxVN
Brant;bC752w45zJ
Brantley;r7SVhe5Nt6
Braswell;MKMgb5SzxE
Bratcher;knscXVnv74
Bratton;aFP7aBRVNw
Braun;Lh5YJDxGCs
Bravo;T26W63Jmt3
Braxton;XLhNhvrrBv
Bray;WpyzsTVnuS
Breaux;BXyJsv2w9V
Breeden;NmBg4RVqhy
Breedlove;3sHmsjMfaa
Breen;LPjbLBePmC
Brennan;xFtsJAXUTR
Brenner;XaZTdpXMFe
Brent;CtgJs7USPA
Brewer;CG8TK4XMYp
